SQL> SELECT * FROM emp;

     EMPNO ENAME                                    JOB                  MGR                  HIREDATE      SALARY COMMISSION     DEPTNO                                                                                                                                                                                                                                                                                                                                                                            
---------- ---------------------------------------- -------------------- -------------------- --------- ---------- ---------- ----------                                                                                                                                                                                                                                                                                                                                                                            
      7369 SMITH                                    CLERK                7902                 17-DEC-80        800                    20                                                                                                                                                                                                                                                                                                                                                                            
      7499 ALLWN                                    SALESMAN             7698                 20-FEB-81       1600        300         30                                                                                                                                                                                                                                                                                                                                                                            
      7521 WARD                                     SALESMAN             7698                 22-FEB-81       1250        500         30                                                                                                                                                                                                                                                                                                                                                                            
      7566 JONES                                    MANAGER              7839                 02-APR-81       2975                    20                                                                                                                                                                                                                                                                                                                                                                            
      7654 MARTIN                                   SALESMAN             7698                 28-SEP-81       1250       1400         30                                                                                                                                                                                                                                                                                                                                                                            
      7698 BLAKE                                    MANAGER              7839                 01-MAY-81       2850                    30                                                                                                                                                                                                                                                                                                                                                                            
      7782 CLARK                                    MANAGER              7839                 09-JUN-81       2450                    10                                                                                                                                                                                                                                                                                                                                                                            
      7788 SCOTT                                    ANALYST              7566                 09-NOV-81       3000                    20                                                                                                                                                                                                                                                                                                                                                                            
      7839 KING                                     PRESIDENT                                 17-NOV-81       5000                    10                                                                                                                                                                                                                                                                                                                                                                            
      7844 TURNER                                   SALESMAN             7698                 08-SEP-81       1500          0         30                                                                                                                                                                                                                                                                                                                                                                            
      7876 ADAMS                                    CLERK                7788                 23-SEP-81       1100                    20                                                                                                                                                                                                                                                                                                                                                                            

     EMPNO ENAME                                    JOB                  MGR                  HIREDATE      SALARY COMMISSION     DEPTNO                                                                                                                                                                                                                                                                                                                                                                            
---------- ---------------------------------------- -------------------- -------------------- --------- ---------- ---------- ----------                                                                                                                                                                                                                                                                                                                                                                            
      7900 JAMES                                    CLERK                7698                 03-DEC-81        950                    30                                                                                                                                                                                                                                                                                                                                                                            
      7902 FORD                                     ANALYST              7566                 03-DEC-81       3000                    20                                                                                                                                                                                                                                                                                                                                                                            
      7934 MILLER                                   CLERK                7782                 23-JAN-82       1300                    10                                                                                                                                                                                                                                                                                                                                                                            

14 rows selected.

SQL> SELECT * FROM dept;

DNAME                       DNO LOCATION                                                                                                                                                                                                                                                                                                                                                                                                                                                                            
-------------------- ---------- ----------------------------------------                                                                                                                                                                                                                                                                                                                                                                                                                                            
ACCOUNTING                   10 NEW YORK                                                                                                                                                                                                                                                                                                                                                                                                                                                                            
RESEARCH                     20 DALLAS                                                                                                                                                                                                                                                                                                                                                                                                                                                                              
SALES                        30 CHICAGO                                                                                                                                                                                                                                                                                                                                                                                                                                                                             
OPERATIONS                   40 BOSTON                                                                                                                                                                                                                                                                                                                                                                                                                                                                              

SQL> SELECT ename, job FROM emp;

ENAME                                    JOB                                                                                                                                                                                                                                                                                                                                                                                                                                                                        
---------------------------------------- --------------------                                                                                                                                                                                                                                                                                                                                                                                                                                                       
SMITH                                    CLERK                                                                                                                                                                                                                                                                                                                                                                                                                                                                      
ALLWN                                    SALESMAN                                                                                                                                                                                                                                                                                                                                                                                                                                                                   
WARD                                     SALESMAN                                                                                                                                                                                                                                                                                                                                                                                                                                                                   
JONES                                    MANAGER                                                                                                                                                                                                                                                                                                                                                                                                                                                                    
MARTIN                                   SALESMAN                                                                                                                                                                                                                                                                                                                                                                                                                                                                   
BLAKE                                    MANAGER                                                                                                                                                                                                                                                                                                                                                                                                                                                                    
CLARK                                    MANAGER                                                                                                                                                                                                                                                                                                                                                                                                                                                                    
SCOTT                                    ANALYST                                                                                                                                                                                                                                                                                                                                                                                                                                                                    
KING                                     PRESIDENT                                                                                                                                                                                                                                                                                                                                                                                                                                                                  
TURNER                                   SALESMAN                                                                                                                                                                                                                                                                                                                                                                                                                                                                   
ADAMS                                    CLERK                                                                                                                                                                                                                                                                                                                                                                                                                                                                      

ENAME                                    JOB                                                                                                                                                                                                                                                                                                                                                                                                                                                                        
---------------------------------------- --------------------                                                                                                                                                                                                                                                                                                                                                                                                                                                       
JAMES                                    CLERK                                                                                                                                                                                                                                                                                                                                                                                                                                                                      
FORD                                     ANALYST                                                                                                                                                                                                                                                                                                                                                                                                                                                                    
MILLER                                   CLERK                                                                                                                                                                                                                                                                                                                                                                                                                                                                      

14 rows selected.

SQL> SELECT ename, salary FROM emp;

ENAME                                        SALARY                                                                                                                                                                                                                                                                                                                                                                                                                                                                 
---------------------------------------- ----------                                                                                                                                                                                                                                                                                                                                                                                                                                                                 
SMITH                                           800                                                                                                                                                                                                                                                                                                                                                                                                                                                                 
ALLWN                                          1600                                                                                                                                                                                                                                                                                                                                                                                                                                                                 
WARD                                           1250                                                                                                                                                                                                                                                                                                                                                                                                                                                                 
JONES                                          2975                                                                                                                                                                                                                                                                                                                                                                                                                                                                 
MARTIN                                         1250                                                                                                                                                                                                                                                                                                                                                                                                                                                                 
BLAKE                                          2850                                                                                                                                                                                                                                                                                                                                                                                                                                                                 
CLARK                                          2450                                                                                                                                                                                                                                                                                                                                                                                                                                                                 
SCOTT                                          3000                                                                                                                                                                                                                                                                                                                                                                                                                                                                 
KING                                           5000                                                                                                                                                                                                                                                                                                                                                                                                                                                                 
TURNER                                         1500                                                                                                                                                                                                                                                                                                                                                                                                                                                                 
ADAMS                                          1100                                                                                                                                                                                                                                                                                                                                                                                                                                                                 

ENAME                                        SALARY                                                                                                                                                                                                                                                                                                                                                                                                                                                                 
---------------------------------------- ----------                                                                                                                                                                                                                                                                                                                                                                                                                                                                 
JAMES                                           950                                                                                                                                                                                                                                                                                                                                                                                                                                                                 
FORD                                           3000                                                                                                                                                                                                                                                                                                                                                                                                                                                                 
MILLER                                         1300                                                                                                                                                                                                                                                                                                                                                                                                                                                                 

14 rows selected.

SQL> SELECT ename, salary+commission FROM emp;

ENAME                                    SALARY+COMMISSION                                                                                                                                                                                                                                                                                                                                                                                                                                                          
---------------------------------------- -----------------                                                                                                                                                                                                                                                                                                                                                                                                                                                          
SMITH                                                                                                                                                                                                                                                                                                                                                                                                                                                                                                               
ALLWN                                                 1900                                                                                                                                                                                                                                                                                                                                                                                                                                                          
WARD                                                  1750                                                                                                                                                                                                                                                                                                                                                                                                                                                          
JONES                                                                                                                                                                                                                                                                                                                                                                                                                                                                                                               
MARTIN                                                2650                                                                                                                                                                                                                                                                                                                                                                                                                                                          
BLAKE                                                                                                                                                                                                                                                                                                                                                                                                                                                                                                               
CLARK                                                                                                                                                                                                                                                                                                                                                                                                                                                                                                               
SCOTT                                                                                                                                                                                                                                                                                                                                                                                                                                                                                                               
KING                                                                                                                                                                                                                                                                                                                                                                                                                                                                                                                
TURNER                                                1500                                                                                                                                                                                                                                                                                                                                                                                                                                                          
ADAMS                                                                                                                                                                                                                                                                                                                                                                                                                                                                                                               

ENAME                                    SALARY+COMMISSION                                                                                                                                                                                                                                                                                                                                                                                                                                                          
---------------------------------------- -----------------                                                                                                                                                                                                                                                                                                                                                                                                                                                          
JAMES                                                                                                                                                                                                                                                                                                                                                                                                                                                                                                               
FORD                                                                                                                                                                                                                                                                                                                                                                                                                                                                                                                
MILLER                                                                                                                                                                                                                                                                                                                                                                                                                                                                                                              

14 rows selected.

SQL> SELECT ename, salary + commission as totalsal FROM emp;

ENAME                                      TOTALSAL                                                                                                                                                                                                                                                                                                                                                                                                                                                                 
---------------------------------------- ----------                                                                                                                                                                                                                                                                                                                                                                                                                                                                 
SMITH                                                                                                                                                                                                                                                                                                                                                                                                                                                                                                               
ALLWN                                          1900                                                                                                                                                                                                                                                                                                                                                                                                                                                                 
WARD                                           1750                                                                                                                                                                                                                                                                                                                                                                                                                                                                 
JONES                                                                                                                                                                                                                                                                                                                                                                                                                                                                                                               
MARTIN                                         2650                                                                                                                                                                                                                                                                                                                                                                                                                                                                 
BLAKE                                                                                                                                                                                                                                                                                                                                                                                                                                                                                                               
CLARK                                                                                                                                                                                                                                                                                                                                                                                                                                                                                                               
SCOTT                                                                                                                                                                                                                                                                                                                                                                                                                                                                                                               
KING                                                                                                                                                                                                                                                                                                                                                                                                                                                                                                                
TURNER                                         1500                                                                                                                                                                                                                                                                                                                                                                                                                                                                 
ADAMS                                                                                                                                                                                                                                                                                                                                                                                                                                                                                                               

ENAME                                      TOTALSAL                                                                                                                                                                                                                                                                                                                                                                                                                                                                 
---------------------------------------- ----------                                                                                                                                                                                                                                                                                                                                                                                                                                                                 
JAMES                                                                                                                                                                                                                                                                                                                                                                                                                                                                                                               
FORD                                                                                                                                                                                                                                                                                                                                                                                                                                                                                                                
MILLER                                                                                                                                                                                                                                                                                                                                                                                                                                                                                                              

14 rows selected.

SQL> SELECT ename, commission + salary as totalsal FROM emp;

ENAME                                      TOTALSAL                                                                                                                                                                                                                                                                                                                                                                                                                                                                 
---------------------------------------- ----------                                                                                                                                                                                                                                                                                                                                                                                                                                                                 
SMITH                                                                                                                                                                                                                                                                                                                                                                                                                                                                                                               
ALLWN                                          1900                                                                                                                                                                                                                                                                                                                                                                                                                                                                 
WARD                                           1750                                                                                                                                                                                                                                                                                                                                                                                                                                                                 
JONES                                                                                                                                                                                                                                                                                                                                                                                                                                                                                                               
MARTIN                                         2650                                                                                                                                                                                                                                                                                                                                                                                                                                                                 
BLAKE                                                                                                                                                                                                                                                                                                                                                                                                                                                                                                               
CLARK                                                                                                                                                                                                                                                                                                                                                                                                                                                                                                               
SCOTT                                                                                                                                                                                                                                                                                                                                                                                                                                                                                                               
KING                                                                                                                                                                                                                                                                                                                                                                                                                                                                                                                
TURNER                                         1500                                                                                                                                                                                                                                                                                                                                                                                                                                                                 
ADAMS                                                                                                                                                                                                                                                                                                                                                                                                                                                                                                               

ENAME                                      TOTALSAL                                                                                                                                                                                                                                                                                                                                                                                                                                                                 
---------------------------------------- ----------                                                                                                                                                                                                                                                                                                                                                                                                                                                                 
JAMES                                                                                                                                                                                                                                                                                                                                                                                                                                                                                                               
FORD                                                                                                                                                                                                                                                                                                                                                                                                                                                                                                                
MILLER                                                                                                                                                                                                                                                                                                                                                                                                                                                                                                              

14 rows selected.

SQL> SELECT ename, salary as totalsal FROM emp;

ENAME                                      TOTALSAL                                                                                                                                                                                                                                                                                                                                                                                                                                                                 
---------------------------------------- ----------                                                                                                                                                                                                                                                                                                                                                                                                                                                                 
SMITH                                           800                                                                                                                                                                                                                                                                                                                                                                                                                                                                 
ALLWN                                          1600                                                                                                                                                                                                                                                                                                                                                                                                                                                                 
WARD                                           1250                                                                                                                                                                                                                                                                                                                                                                                                                                                                 
JONES                                          2975                                                                                                                                                                                                                                                                                                                                                                                                                                                                 
MARTIN                                         1250                                                                                                                                                                                                                                                                                                                                                                                                                                                                 
BLAKE                                          2850                                                                                                                                                                                                                                                                                                                                                                                                                                                                 
CLARK                                          2450                                                                                                                                                                                                                                                                                                                                                                                                                                                                 
SCOTT                                          3000                                                                                                                                                                                                                                                                                                                                                                                                                                                                 
KING                                           5000                                                                                                                                                                                                                                                                                                                                                                                                                                                                 
TURNER                                         1500                                                                                                                                                                                                                                                                                                                                                                                                                                                                 
ADAMS                                          1100                                                                                                                                                                                                                                                                                                                                                                                                                                                                 

ENAME                                      TOTALSAL                                                                                                                                                                                                                                                                                                                                                                                                                                                                 
---------------------------------------- ----------                                                                                                                                                                                                                                                                                                                                                                                                                                                                 
JAMES                                           950                                                                                                                                                                                                                                                                                                                                                                                                                                                                 
FORD                                           3000                                                                                                                                                                                                                                                                                                                                                                                                                                                                 
MILLER                                         1300                                                                                                                                                                                                                                                                                                                                                                                                                                                                 

14 rows selected.

SQL> SELECT ename, salary + commission as totalsal FROM emp;

ENAME                                      TOTALSAL                                                                                                                                                                                                                                                                                                                                                                                                                                                                 
---------------------------------------- ----------                                                                                                                                                                                                                                                                                                                                                                                                                                                                 
SMITH                                                                                                                                                                                                                                                                                                                                                                                                                                                                                                               
ALLWN                                          1900                                                                                                                                                                                                                                                                                                                                                                                                                                                                 
WARD                                           1750                                                                                                                                                                                                                                                                                                                                                                                                                                                                 
JONES                                                                                                                                                                                                                                                                                                                                                                                                                                                                                                               
MARTIN                                         2650                                                                                                                                                                                                                                                                                                                                                                                                                                                                 
BLAKE                                                                                                                                                                                                                                                                                                                                                                                                                                                                                                               
CLARK                                                                                                                                                                                                                                                                                                                                                                                                                                                                                                               
SCOTT                                                                                                                                                                                                                                                                                                                                                                                                                                                                                                               
KING                                                                                                                                                                                                                                                                                                                                                                                                                                                                                                                
TURNER                                         1500                                                                                                                                                                                                                                                                                                                                                                                                                                                                 
ADAMS                                                                                                                                                                                                                                                                                                                                                                                                                                                                                                               

ENAME                                      TOTALSAL                                                                                                                                                                                                                                                                                                                                                                                                                                                                 
---------------------------------------- ----------                                                                                                                                                                                                                                                                                                                                                                                                                                                                 
JAMES                                                                                                                                                                                                                                                                                                                                                                                                                                                                                                               
FORD                                                                                                                                                                                                                                                                                                                                                                                                                                                                                                                
MILLER                                                                                                                                                                                                                                                                                                                                                                                                                                                                                                              

14 rows selected.

SQL> 
SQL> SELECT ename, sum(salary + commission) as totalsal FROM emp;
SELECT ename, sum(salary + commission) as totalsal FROM emp
       *
ERROR at line 1:
ORA-00937: not a single-group group function 


SQL> SELECT ename, salary + commission as totalsal FROM emp;

ENAME                                      TOTALSAL                                                                                                                                                                                                                                                                                                                                                                                                                                                                 
---------------------------------------- ----------                                                                                                                                                                                                                                                                                                                                                                                                                                                                 
SMITH                                                                                                                                                                                                                                                                                                                                                                                                                                                                                                               
ALLWN                                          1900                                                                                                                                                                                                                                                                                                                                                                                                                                                                 
WARD                                           1750                                                                                                                                                                                                                                                                                                                                                                                                                                                                 
JONES                                                                                                                                                                                                                                                                                                                                                                                                                                                                                                               
MARTIN                                         2650                                                                                                                                                                                                                                                                                                                                                                                                                                                                 
BLAKE                                                                                                                                                                                                                                                                                                                                                                                                                                                                                                               
CLARK                                                                                                                                                                                                                                                                                                                                                                                                                                                                                                               
SCOTT                                                                                                                                                                                                                                                                                                                                                                                                                                                                                                               
KING                                                                                                                                                                                                                                                                                                                                                                                                                                                                                                                
TURNER                                         1500                                                                                                                                                                                                                                                                                                                                                                                                                                                                 
ADAMS                                                                                                                                                                                                                                                                                                                                                                                                                                                                                                               

ENAME                                      TOTALSAL                                                                                                                                                                                                                                                                                                                                                                                                                                                                 
---------------------------------------- ----------                                                                                                                                                                                                                                                                                                                                                                                                                                                                 
JAMES                                                                                                                                                                                                                                                                                                                                                                                                                                                                                                               
FORD                                                                                                                                                                                                                                                                                                                                                                                                                                                                                                                
MILLER                                                                                                                                                                                                                                                                                                                                                                                                                                                                                                              

14 rows selected.

SQL> select * from emp;

     EMPNO ENAME                                    JOB                  MGR                  HIREDATE      SALARY COMMISSION     DEPTNO                                                                                                                                                                                                                                                                                                                                                                            
---------- ---------------------------------------- -------------------- -------------------- --------- ---------- ---------- ----------                                                                                                                                                                                                                                                                                                                                                                            
      7369 SMITH                                    CLERK                7902                 17-DEC-80        800                    20                                                                                                                                                                                                                                                                                                                                                                            
      7499 ALLWN                                    SALESMAN             7698                 20-FEB-81       1600        300         30                                                                                                                                                                                                                                                                                                                                                                            
      7521 WARD                                     SALESMAN             7698                 22-FEB-81       1250        500         30                                                                                                                                                                                                                                                                                                                                                                            
      7566 JONES                                    MANAGER              7839                 02-APR-81       2975                    20                                                                                                                                                                                                                                                                                                                                                                            
      7654 MARTIN                                   SALESMAN             7698                 28-SEP-81       1250       1400         30                                                                                                                                                                                                                                                                                                                                                                            
      7698 BLAKE                                    MANAGER              7839                 01-MAY-81       2850                    30                                                                                                                                                                                                                                                                                                                                                                            
      7782 CLARK                                    MANAGER              7839                 09-JUN-81       2450                    10                                                                                                                                                                                                                                                                                                                                                                            
      7788 SCOTT                                    ANALYST              7566                 09-NOV-81       3000                    20                                                                                                                                                                                                                                                                                                                                                                            
      7839 KING                                     PRESIDENT                                 17-NOV-81       5000                    10                                                                                                                                                                                                                                                                                                                                                                            
      7844 TURNER                                   SALESMAN             7698                 08-SEP-81       1500          0         30                                                                                                                                                                                                                                                                                                                                                                            
      7876 ADAMS                                    CLERK                7788                 23-SEP-81       1100                    20                                                                                                                                                                                                                                                                                                                                                                            

     EMPNO ENAME                                    JOB                  MGR                  HIREDATE      SALARY COMMISSION     DEPTNO                                                                                                                                                                                                                                                                                                                                                                            
---------- ---------------------------------------- -------------------- -------------------- --------- ---------- ---------- ----------                                                                                                                                                                                                                                                                                                                                                                            
      7900 JAMES                                    CLERK                7698                 03-DEC-81        950                    30                                                                                                                                                                                                                                                                                                                                                                            
      7902 FORD                                     ANALYST              7566                 03-DEC-81       3000                    20                                                                                                                                                                                                                                                                                                                                                                            
      7934 MILLER                                   CLERK                7782                 23-JAN-82       1300                    10                                                                                                                                                                                                                                                                                                                                                                            

14 rows selected.

SQL> set linesize 120;
SQL> select * from emp;

     EMPNO ENAME                                    JOB                  MGR                  HIREDATE      SALARY      
---------- ---------------------------------------- -------------------- -------------------- --------- ----------      
COMMISSION     DEPTNO                                                                                                   
---------- ----------                                                                                                   
      7369 SMITH                                    CLERK                7902                 17-DEC-80        800      
                   20                                                                                                   
                                                                                                                        
      7499 ALLWN                                    SALESMAN             7698                 20-FEB-81       1600      
       300         30                                                                                                   
                                                                                                                        
      7521 WARD                                     SALESMAN             7698                 22-FEB-81       1250      
       500         30                                                                                                   
                                                                                                                        

     EMPNO ENAME                                    JOB                  MGR                  HIREDATE      SALARY      
---------- ---------------------------------------- -------------------- -------------------- --------- ----------      
COMMISSION     DEPTNO                                                                                                   
---------- ----------                                                                                                   
      7566 JONES                                    MANAGER              7839                 02-APR-81       2975      
                   20                                                                                                   
                                                                                                                        
      7654 MARTIN                                   SALESMAN             7698                 28-SEP-81       1250      
      1400         30                                                                                                   
                                                                                                                        
      7698 BLAKE                                    MANAGER              7839                 01-MAY-81       2850      
                   30                                                                                                   
                                                                                                                        

     EMPNO ENAME                                    JOB                  MGR                  HIREDATE      SALARY      
---------- ---------------------------------------- -------------------- -------------------- --------- ----------      
COMMISSION     DEPTNO                                                                                                   
---------- ----------                                                                                                   
      7782 CLARK                                    MANAGER              7839                 09-JUN-81       2450      
                   10                                                                                                   
                                                                                                                        
      7788 SCOTT                                    ANALYST              7566                 09-NOV-81       3000      
                   20                                                                                                   
                                                                                                                        
      7839 KING                                     PRESIDENT                                 17-NOV-81       5000      
                   10                                                                                                   
                                                                                                                        

     EMPNO ENAME                                    JOB                  MGR                  HIREDATE      SALARY      
---------- ---------------------------------------- -------------------- -------------------- --------- ----------      
COMMISSION     DEPTNO                                                                                                   
---------- ----------                                                                                                   
      7844 TURNER                                   SALESMAN             7698                 08-SEP-81       1500      
         0         30                                                                                                   
                                                                                                                        
      7876 ADAMS                                    CLERK                7788                 23-SEP-81       1100      
                   20                                                                                                   
                                                                                                                        
      7900 JAMES                                    CLERK                7698                 03-DEC-81        950      
                   30                                                                                                   
                                                                                                                        

     EMPNO ENAME                                    JOB                  MGR                  HIREDATE      SALARY      
---------- ---------------------------------------- -------------------- -------------------- --------- ----------      
COMMISSION     DEPTNO                                                                                                   
---------- ----------                                                                                                   
      7902 FORD                                     ANALYST              7566                 03-DEC-81       3000      
                   20                                                                                                   
                                                                                                                        
      7934 MILLER                                   CLERK                7782                 23-JAN-82       1300      
                   10                                                                                                   
                                                                                                                        

14 rows selected.

SQL> alter table emp modify ename varchar2(15);

Table altered.

SQL> select * from emp;

     EMPNO ENAME           JOB                  MGR                  HIREDATE      SALARY COMMISSION     DEPTNO         
---------- --------------- -------------------- -------------------- --------- ---------- ---------- ----------         
      7369 SMITH           CLERK                7902                 17-DEC-80        800                    20         
      7499 ALLWN           SALESMAN             7698                 20-FEB-81       1600        300         30         
      7521 WARD            SALESMAN             7698                 22-FEB-81       1250        500         30         
      7566 JONES           MANAGER              7839                 02-APR-81       2975                    20         
      7654 MARTIN          SALESMAN             7698                 28-SEP-81       1250       1400         30         
      7698 BLAKE           MANAGER              7839                 01-MAY-81       2850                    30         
      7782 CLARK           MANAGER              7839                 09-JUN-81       2450                    10         
      7788 SCOTT           ANALYST              7566                 09-NOV-81       3000                    20         
      7839 KING            PRESIDENT                                 17-NOV-81       5000                    10         
      7844 TURNER          SALESMAN             7698                 08-SEP-81       1500          0         30         
      7876 ADAMS           CLERK                7788                 23-SEP-81       1100                    20         

     EMPNO ENAME           JOB                  MGR                  HIREDATE      SALARY COMMISSION     DEPTNO         
---------- --------------- -------------------- -------------------- --------- ---------- ---------- ----------         
      7900 JAMES           CLERK                7698                 03-DEC-81        950                    30         
      7902 FORD            ANALYST              7566                 03-DEC-81       3000                    20         
      7934 MILLER          CLERK                7782                 23-JAN-82       1300                    10         

14 rows selected.

SQL> update emp set commission= 0 where empno=7369;

1 row updated.

SQL> select * from emp;

     EMPNO ENAME           JOB                  MGR                  HIREDATE      SALARY COMMISSION     DEPTNO         
---------- --------------- -------------------- -------------------- --------- ---------- ---------- ----------         
      7369 SMITH           CLERK                7902                 17-DEC-80        800          0         20         
      7499 ALLWN           SALESMAN             7698                 20-FEB-81       1600        300         30         
      7521 WARD            SALESMAN             7698                 22-FEB-81       1250        500         30         
      7566 JONES           MANAGER              7839                 02-APR-81       2975                    20         
      7654 MARTIN          SALESMAN             7698                 28-SEP-81       1250       1400         30         
      7698 BLAKE           MANAGER              7839                 01-MAY-81       2850                    30         
      7782 CLARK           MANAGER              7839                 09-JUN-81       2450                    10         
      7788 SCOTT           ANALYST              7566                 09-NOV-81       3000                    20         
      7839 KING            PRESIDENT                                 17-NOV-81       5000                    10         
      7844 TURNER          SALESMAN             7698                 08-SEP-81       1500          0         30         
      7876 ADAMS           CLERK                7788                 23-SEP-81       1100                    20         

     EMPNO ENAME           JOB                  MGR                  HIREDATE      SALARY COMMISSION     DEPTNO         
---------- --------------- -------------------- -------------------- --------- ---------- ---------- ----------         
      7900 JAMES           CLERK                7698                 03-DEC-81        950                    30         
      7902 FORD            ANALYST              7566                 03-DEC-81       3000                    20         
      7934 MILLER          CLERK                7782                 23-JAN-82       1300                    10         

14 rows selected.

SQL> SELECT ename, salary + commission as totalsal FROM emp;

ENAME             TOTALSAL                                                                                              
--------------- ----------                                                                                              
SMITH                  800                                                                                              
ALLWN                 1900                                                                                              
WARD                  1750                                                                                              
JONES                                                                                                                   
MARTIN                2650                                                                                              
BLAKE                                                                                                                   
CLARK                                                                                                                   
SCOTT                                                                                                                   
KING                                                                                                                    
TURNER                1500                                                                                              
ADAMS                                                                                                                   

ENAME             TOTALSAL                                                                                              
--------------- ----------                                                                                              
JAMES                                                                                                                   
FORD                                                                                                                    
MILLER                                                                                                                  

14 rows selected.

SQL> update emp set commission= 0 where commission=NULL;

0 rows updated.

SQL> update emp set commission= 0 where commission=null;

0 rows updated.

SQL> insert into emp values(&empno,'&ename','&job','&mgr','&hiredate',&salary,&commission,&deptno);
Enter value for empno: 1
Enter value for ename: abc
Enter value for job: rrr
Enter value for mgr: r
Enter value for hiredate: 21-dec-2010
Enter value for salary: 22222
Enter value for commission: NULL
Enter value for deptno: 20
old   1: insert into emp values(&empno,'&ename','&job','&mgr','&hiredate',&salary,&commission,&deptno)
new   1: insert into emp values(1,'abc','rrr','r','21-dec-2010',22222,NULL,20)

1 row created.

SQL> SELECT ename, salary + commission as totalsal FROM emp;

ENAME             TOTALSAL                                                                                              
--------------- ----------                                                                                              
SMITH                  800                                                                                              
ALLWN                 1900                                                                                              
WARD                  1750                                                                                              
JONES                                                                                                                   
MARTIN                2650                                                                                              
BLAKE                                                                                                                   
CLARK                                                                                                                   
SCOTT                                                                                                                   
KING                                                                                                                    
TURNER                1500                                                                                              
ADAMS                                                                                                                   

ENAME             TOTALSAL                                                                                              
--------------- ----------                                                                                              
JAMES                                                                                                                   
FORD                                                                                                                    
MILLER                                                                                                                  
abc                                                                                                                     

15 rows selected.

SQL> commit
  2  ;

Commit complete.

SQL> spool off;
